-- ====================================================================
-- SQL Script to Insert All Indian States and Districts
-- ====================================================================
-- Database: Chit Scheme Management System
-- Tables: State_Master, District_Master
-- Generated: 2025-12-18
-- Total States/UTs: 28
-- Total Districts: 750+
-- ====================================================================

USE [VASANTHAMDB];
GO

PRINT 'Starting insertion of Indian States and Districts...';
GO

-- ====================================================================
-- PART 1: Insert States/Union Territories
-- ==================================================================== 

PRINT 'Inserting States and Union Territories...';
GO

-- Clear existing data before inserting new records
DELETE FROM District_Master;
DELETE FROM State_Master;

INSERT INTO State_Master (State_ID, State_Name) VALUES
(1, 'Tamil Nadu'),
(2, 'Andhra Pradesh'),
(3, 'Arunachal Pradesh'),
(4, 'Assam'),
(5, 'Bihar'),
(6, 'Chhattisgarh'),
(7, 'Goa'),
(8, 'Gujarat'),
(9, 'Haryana'),
(10, 'Himachal Pradesh'),
(11, 'Jharkhand'),
(12, 'Karnataka'),
(13, 'Kerala'),
(14, 'Madhya Pradesh'),
(15, 'Maharashtra'),
(16, 'Manipur'),
(17, 'Meghalaya'),
(18, 'Mizoram'),
(19, 'Nagaland'),
(20, 'Odisha'),
(21, 'Punjab'),
(22, 'Rajasthan'),
(23, 'Sikkim'),
(24, 'Telangana'),
(25, 'Tripura'),
(26, 'Uttar Pradesh'),
(27, 'Uttarakhand'),
(28, 'West Bengal'),
(29, 'Andaman and Nicobar Islands'),
(30, 'Chandigarh'),
(31, 'Dadra and Nagar Haveli and Daman and Diu'),
(32, 'Delhi'),
(33, 'Jammu and Kashmir'),
(34, 'Ladakh'),
(35, 'Lakshadweep'),
(36, 'Puducherry');

PRINT 'States inserted successfully!';
GO

-- ====================================================================
-- PART 2: Insert Districts
-- ====================================================================

PRINT 'Inserting Districts...';
GO

-- Tamil Nadu Districts (1-38)
INSERT INTO District_Master (District_ID, District_Name, State_ID) VALUES
(1, 'Ariyalur', 1),
(2, 'Chengalpattu', 1),
(3, 'Chennai', 1),
(4, 'Coimbatore', 1),
(5, 'Cuddalore', 1),
(6, 'Dharmapuri', 1),
(7, 'Dindigul', 1),
(8, 'Erode', 1),
(9, 'Kallakurichi', 1),
(10, 'Kanchipuram', 1),
(11, 'Kanniyakumari', 1),
(12, 'Karur', 1),
(13, 'Krishnagiri', 1),
(14, 'Madurai', 1),
(15, 'Mayiladuthurai', 1),
(16, 'Nagapattinam', 1),
(17, 'Namakkal', 1),
(18, 'Nilgiris', 1),
(19, 'Perambalur', 1),
(20, 'Pudukkottai', 1),
(21, 'Ramanathapuram', 1),
(22, 'Ranipet', 1),
(23, 'Salem', 1),
(24, 'Sivaganga', 1),
(25, 'Tenkasi', 1),
(26, 'Thanjavur', 1),
(27, 'Theni', 1),
(28, 'Thoothukudi', 1),
(29, 'Tiruchirappalli', 1),
(30, 'Tirunelveli', 1),
(31, 'Tirupattur', 1),
(32, 'Tiruppur', 1),
(33, 'Tiruvallur', 1),
(34, 'Tiruvannamalai', 1),
(35, 'Tiruvarur', 1),
(36, 'Vellore', 1),
(37, 'Viluppuram', 1),
(38, 'Virudhunagar', 1),

-- Andhra Pradesh Districts (39-64)
(39, 'Anantapur', 2),
(40, 'Chittoor', 2),
(41, 'East Godavari', 2),
(42, 'Guntur', 2),
(43, 'Krishna', 2),
(44, 'Kurnool', 2),
(45, 'Nellore', 2),
(46, 'Prakasam', 2),
(47, 'Srikakulam', 2),
(48, 'Visakhapatnam', 2),
(49, 'Vizianagaram', 2),
(50, 'West Godavari', 2),
(51, 'YSR Kadapa', 2),
(52, 'Alluri Sitharama Raju', 2),
(53, 'Anakapalli', 2),
(54, 'Annamayya', 2),
(55, 'Bapatla', 2),
(56, 'Eluru', 2),
(57, 'Kakinada', 2),
(58, 'Konaseema', 2),
(59, 'Nandyal', 2),
(60, 'NTR', 2),
(61, 'Palnadu', 2),
(62, 'Parvathipuram Manyam', 2),
(63, 'Sri Sathya Sai', 2),
(64, 'Tirupati', 2),

-- Arunachal Pradesh Districts (65-89)
(65, 'Tawang', 3),
(66, 'West Kameng', 3),
(67, 'East Kameng', 3),
(68, 'Papum Pare', 3),
(69, 'Kurung Kumey', 3),
(70, 'Kra Daadi', 3),
(71, 'Lower Subansiri', 3),
(72, 'Upper Subansiri', 3),
(73, 'West Siang', 3),
(74, 'East Siang', 3),
(75, 'Siang', 3),
(76, 'Upper Siang', 3),
(77, 'Lower Siang', 3),
(78, 'Lower Dibang Valley', 3),
(79, 'Dibang Valley', 3),
(80, 'Anjaw', 3),
(81, 'Lohit', 3),
(82, 'Namsai', 3),
(83, 'Changlang', 3),
(84, 'Tirap', 3),
(85, 'Longding', 3),
(86, 'Kamle', 3),
(87, 'Lepa Rada', 3),
(88, 'Pakke Kessang', 3),
(89, 'Shi Yomi', 3),

-- Assam Districts (90-123)
(90, 'Baksa', 4),
(91, 'Barpeta', 4),
(92, 'Biswanath', 4),
(93, 'Bongaigaon', 4),
(94, 'Cachar', 4),
(95, 'Charaideo', 4),
(96, 'Chirang', 4),
(97, 'Darrang', 4),
(98, 'Dhemaji', 4),
(99, 'Dhubri', 4),
(100, 'Dibrugarh', 4),
(101, 'Dima Hasao', 4),
(102, 'Goalpara', 4),
(103, 'Golaghat', 4),
(104, 'Hailakandi', 4),
(105, 'Hojai', 4),
(106, 'Jorhat', 4),
(107, 'Kamrup', 4),
(108, 'Kamrup Metropolitan', 4),
(109, 'Karbi Anglong', 4),
(110, 'Karimganj', 4),
(111, 'Kokrajhar', 4),
(112, 'Lakhimpur', 4),
(113, 'Majuli', 4),
(114, 'Morigaon', 4),
(115, 'Nagaon', 4),
(116, 'Nalbari', 4),
(117, 'Sivasagar', 4),
(118, 'Sonitpur', 4),
(119, 'South Salmara-Mankachar', 4),
(120, 'Tinsukia', 4),
(121, 'Udalguri', 4),
(122, 'West Karbi Anglong', 4),
(123, 'Bajali', 4),

-- Bihar Districts (124-161)
(124, 'Araria', 5),
(125, 'Arwal', 5),
(126, 'Aurangabad', 5),
(127, 'Banka', 5),
(128, 'Begusarai', 5),
(129, 'Bhagalpur', 5),
(130, 'Bhojpur', 5),
(131, 'Buxar', 5),
(132, 'Darbhanga', 5),
(133, 'East Champaran', 5),
(134, 'Gaya', 5),
(135, 'Gopalganj', 5),
(136, 'Jamui', 5),
(137, 'Jehanabad', 5),
(138, 'Kaimur', 5),
(139, 'Katihar', 5),
(140, 'Khagaria', 5),
(141, 'Kishanganj', 5),
(142, 'Lakhisarai', 5),
(143, 'Madhepura', 5),
(144, 'Madhubani', 5),
(145, 'Munger', 5),
(146, 'Muzaffarpur', 5),
(147, 'Nalanda', 5),
(148, 'Nawada', 5),
(149, 'Patna', 5),
(150, 'Purnia', 5),
(151, 'Rohtas', 5),
(152, 'Saharsa', 5),
(153, 'Samastipur', 5),
(154, 'Saran', 5),
(155, 'Sheikhpura', 5),
(156, 'Sheohar', 5),
(157, 'Sitamarhi', 5),
(158, 'Siwan', 5),
(159, 'Supaul', 5),
(160, 'Vaishali', 5),
(161, 'West Champaran', 5),

-- Chhattisgarh Districts (162-189)
(162, 'Balod', 6),
(163, 'Baloda Bazar', 6),
(164, 'Balrampur', 6),
(165, 'Bastar', 6),
(166, 'Bemetara', 6),
(167, 'Bijapur', 6),
(168, 'Bilaspur', 6),
(169, 'Dantewada', 6),
(170, 'Dhamtari', 6),
(171, 'Durg', 6),
(172, 'Gariaband', 6),
(173, 'Gaurela Pendra Marwahi', 6),
(174, 'Janjgir Champa', 6),
(175, 'Jashpur', 6),
(176, 'Kabirdham', 6),
(177, 'Kanker', 6),
(178, 'Kondagaon', 6),
(179, 'Korba', 6),
(180, 'Koriya', 6),
(181, 'Mahasamund', 6),
(182, 'Mungeli', 6),
(183, 'Narayanpur', 6),
(184, 'Raigarh', 6),
(185, 'Raipur', 6),
(186, 'Rajnandgaon', 6),
(187, 'Sukma', 6),
(188, 'Surajpur', 6),
(189, 'Surguja', 6),

-- Goa Districts (190-191)
(190, 'North Goa', 7),
(191, 'South Goa', 7),

-- Gujarat Districts (192-224)
(192, 'Ahmedabad', 8),
(193, 'Amreli', 8),
(194, 'Anand', 8),
(195, 'Aravalli', 8),
(196, 'Banaskantha', 8),
(197, 'Bharuch', 8),
(198, 'Bhavnagar', 8),
(199, 'Botad', 8),
(200, 'Chhota Udaipur', 8),
(201, 'Dahod', 8),
(202, 'Dang', 8),
(203, 'Devbhoomi Dwarka', 8),
(204, 'Gandhinagar', 8),
(205, 'Gir Somnath', 8),
(206, 'Jamnagar', 8),
(207, 'Junagadh', 8),
(208, 'Kheda', 8),
(209, 'Kutch', 8),
(210, 'Mahisagar', 8),
(211, 'Mehsana', 8),
(212, 'Morbi', 8),
(213, 'Narmada', 8),
(214, 'Navsari', 8),
(215, 'Panchmahal', 8),
(216, 'Patan', 8),
(217, 'Porbandar', 8),
(218, 'Rajkot', 8),
(219, 'Sabarkantha', 8),
(220, 'Surat', 8),
(221, 'Surendranagar', 8),
(222, 'Tapi', 8),
(223, 'Vadodara', 8),
(224, 'Valsad', 8),

-- Haryana Districts (225-246)
(225, 'Ambala', 9),
(226, 'Bhiwani', 9),
(227, 'Charkhi Dadri', 9),
(228, 'Faridabad', 9),
(229, 'Fatehabad', 9),
(230, 'Gurugram', 9),
(231, 'Hisar', 9),
(232, 'Jhajjar', 9),
(233, 'Jind', 9),
(234, 'Kaithal', 9),
(235, 'Karnal', 9),
(236, 'Kurukshetra', 9),
(237, 'Mahendragarh', 9),
(238, 'Nuh', 9),
(239, 'Palwal', 9),
(240, 'Panchkula', 9),
(241, 'Panipat', 9),
(242, 'Rewari', 9),
(243, 'Rohtak', 9),
(244, 'Sirsa', 9),
(245, 'Sonipat', 9),
(246, 'Yamunanagar', 9),

-- Himachal Pradesh Districts (247-258)
(247, 'Bilaspur', 10),
(248, 'Chamba', 10),
(249, 'Hamirpur', 10),
(250, 'Kangra', 10),
(251, 'Kinnaur', 10),
(252, 'Kullu', 10),
(253, 'Lahaul Spiti', 10),
(254, 'Mandi', 10),
(255, 'Shimla', 10),
(256, 'Sirmaur', 10),
(257, 'Solan', 10),
(258, 'Una', 10),

-- Jharkhand Districts (259-282)
(259, 'Bokaro', 11),
(260, 'Chatra', 11),
(261, 'Deoghar', 11),
(262, 'Dhanbad', 11),
(263, 'Dumka', 11),
(264, 'East Singhbhum', 11),
(265, 'Garhwa', 11),
(266, 'Giridih', 11),
(267, 'Godda', 11),
(268, 'Gumla', 11),
(269, 'Hazaribagh', 11),
(270, 'Jamtara', 11),
(271, 'Khunti', 11),
(272, 'Koderma', 11),
(273, 'Latehar', 11),
(274, 'Lohardaga', 11),
(275, 'Pakur', 11),
(276, 'Palamu', 11),
(277, 'Ramgarh', 11),
(278, 'Ranchi', 11),
(279, 'Sahebganj', 11),
(280, 'Seraikela Kharsawan', 11),
(281, 'Simdega', 11),
(282, 'West Singhbhum', 11),

-- Karnataka Districts (283-313)
(283, 'Bagalkot', 12),
(284, 'Bangalore Rural', 12),
(285, 'Bangalore Urban', 12),
(286, 'Belgaum', 12),
(287, 'Bellary', 12),
(288, 'Bidar', 12),
(289, 'Chamarajanagar', 12),
(290, 'Chikballapur', 12),
(291, 'Chikkamagaluru', 12),
(292, 'Chitradurga', 12),
(293, 'Dakshina Kannada', 12),
(294, 'Davanagere', 12),
(295, 'Dharwad', 12),
(296, 'Gadag', 12),
(297, 'Hassan', 12),
(298, 'Haveri', 12),
(299, 'Kalaburagi', 12),
(300, 'Kodagu', 12),
(301, 'Kolar', 12),
(302, 'Koppal', 12),
(303, 'Mandya', 12),
(304, 'Mysuru', 12),
(305, 'Raichur', 12),
(306, 'Ramanagara', 12),
(307, 'Shivamogga', 12),
(308, 'Tumakuru', 12),
(309, 'Udupi', 12),
(310, 'Uttara Kannada', 12),
(311, 'Vijayapura', 12),
(312, 'Yadgir', 12),
(313, 'Vijayanagara', 12),

-- Kerala Districts (314-327)
(314, 'Alappuzha', 13),
(315, 'Ernakulam', 13),
(316, 'Idukki', 13),
(317, 'Kannur', 13),
(318, 'Kasaragod', 13),
(319, 'Kollam', 13),
(320, 'Kottayam', 13),
(321, 'Kozhikode', 13),
(322, 'Malappuram', 13),
(323, 'Palakkad', 13),
(324, 'Pathanamthitta', 13),
(325, 'Thiruvananthapuram', 13),
(326, 'Thrissur', 13),
(327, 'Wayanad', 13),

-- Madhya Pradesh Districts (328-379)
(328, 'Agar Malwa', 14),
(329, 'Alirajpur', 14),
(330, 'Anuppur', 14),
(331, 'Ashoknagar', 14),
(332, 'Balaghat', 14),
(333, 'Barwani', 14),
(334, 'Betul', 14),
(335, 'Bhind', 14),
(336, 'Bhopal', 14),
(337, 'Burhanpur', 14),
(338, 'Chhatarpur', 14),
(339, 'Chhindwara', 14),
(340, 'Damoh', 14),
(341, 'Datia', 14),
(342, 'Dewas', 14),
(343, 'Dhar', 14),
(344, 'Dindori', 14),
(345, 'Guna', 14),
(346, 'Gwalior', 14),
(347, 'Harda', 14),
(348, 'Hoshangabad', 14),
(349, 'Indore', 14),
(350, 'Jabalpur', 14),
(351, 'Jhabua', 14),
(352, 'Katni', 14),
(353, 'Khandwa', 14),
(354, 'Khargone', 14),
(355, 'Maihar', 14),
(356, 'Mandla', 14),
(357, 'Mandsaur', 14),
(358, 'Morena', 14),
(359, 'Narsinghpur', 14),
(360, 'Nagda', 14),
(361, 'Narmadapuram', 14),
(362, 'Neemuch', 14),
(363, 'Niwari', 14),
(364, 'Panna', 14),
(365, 'Raisen', 14),
(366, 'Rajgarh', 14),
(367, 'Ratlam', 14),
(368, 'Rewa', 14),
(369, 'Sagar', 14),
(370, 'Satna', 14),
(371, 'Sehore', 14),
(372, 'Seoni', 14),
(373, 'Shahdol', 14),
(374, 'Shajapur', 14),
(375, 'Sheopur', 14),
(376, 'Shivpuri', 14),
(377, 'Sidhi', 14),
(378, 'Singrauli', 14),
(379, 'Ujjain', 14);

-- Due to character limits, continuing in next batch...
-- This script will be split into multiple parts

PRINT 'Part 1 of Districts inserted successfully!';
GO

-- ====================================================================
-- Verification Query
-- ====================================================================
SELECT COUNT(*) as 'Total States' FROM State_Master;
SELECT COUNT(*) as 'Total Districts' FROM District_Master;

PRINT 'Script Part 1 execution completed!';
GO
